tarih,fiyat
2010-09-20,813.89
2010-09-21,811.3
2010-09-22,817.52
2010-09-23,812.53
2010-09-24,813.38
2010-09-27,819.54
2010-09-28,833.39
2010-09-29,833.41
2010-09-30,836.89
2010-10-01,823.9
2010-10-04,830.17
2010-10-05,842.27
2010-10-06,850.9
2010-10-07,848.44
2010-10-08,855.28
2010-10-11,880.99
2010-10-12,891.23
2010-10-13,897.56
2010-10-14,883.97
2010-10-15,894.37
2010-10-18,896.65
2010-10-19,888.57
2010-10-20,881.22
2010-10-21,897.26
2010-10-22,904.56
2010-10-25,901.17
2010-10-26,897.76
2010-10-27,868.46
2010-10-28,871.17
2010-11-01,877.24
2010-11-02,869.99
2010-11-03,869.96
2010-11-04,902.53
2010-11-05,900.54
2010-11-08,903.07
2010-11-09,912.5
2010-11-10,897.96
2010-11-11,888.72
2010-11-12,880.8
2010-11-15,886.06
2010-11-22,854.58
2010-11-23,836.4
2010-11-24,850.16
2010-11-25,847.96
2010-11-26,833.27
2010-11-29,804.83
2010-11-30,823.1
2010-12-01,832.44
2010-12-02,842.69
2010-12-03,839.67
2010-12-06,850.88
2010-12-07,852.83
2010-12-08,849.7
2010-12-09,822.93
2010-12-10,805.83
2010-12-13,827.83
2010-12-14,829.78
2010-12-15,812.4
2010-12-16,796.49
2010-12-17,782.95
2010-12-20,786.54
2010-12-21,804.23
2010-12-22,811.55
2010-12-23,821.18
2010-12-24,821.41
2010-12-27,820.91
2010-12-28,820.87
2010-12-29,825.32
2010-12-30,826.07
2010-12-31,813.38
2011-01-03,832.4
2011-01-04,841.73
2011-01-05,848.55
2011-01-06,855.06
2011-01-07,846.28
2011-01-10,833.91
2011-01-11,830.6
2011-01-12,834.72
2011-01-13,843.58
2011-01-14,833.21
2011-01-17,818.44
2011-01-18,811.05
2011-01-19,811.35
2011-01-20,795.45
2011-01-21,804.62
2011-01-24,793.79
2011-01-25,793.41
2011-01-26,804.9
2011-01-27,794.84
2011-01-28,773.89
2011-01-31,776.41
2011-02-01,795.71
2011-02-02,801.65
2011-02-03,781.69
2011-02-04,804.49
2011-02-07,797.2
2011-02-08,801.53
2011-02-09,805.0
2011-02-10,789.07
2011-02-11,792.95
2011-02-14,790.36
2011-02-15,792.84
2011-02-16,799.3
2011-02-17,809.55
2011-02-18,809.38
2011-02-21,797.19
2011-02-22,792.66
2011-02-23,774.56
2011-02-24,748.14
2011-02-25,751.52
2011-02-28,746.52
2011-03-01,712.79
2011-03-02,712.32
2011-03-03,732.76
2011-03-04,743.29
2011-03-07,730.77
2011-03-08,745.72
2011-03-09,763.38
2011-03-10,774.05
2011-03-11,783.91
2011-03-14,792.51
2011-03-15,789.9
2011-03-16,777.09
2011-03-17,779.31
2011-03-18,785.68
2011-03-21,789.28
2011-03-22,796.88
2011-03-23,779.86
2011-03-24,787.81
2011-03-25,784.53
2011-03-28,784.65
2011-03-29,776.93
2011-03-30,786.06
2011-03-31,783.68
2011-04-01,801.12
2011-04-04,827.63
2011-04-05,829.58
2011-04-06,843.57
2011-04-07,855.67
2011-04-08,836.11
2011-04-11,835.46
2011-04-12,832.86
2011-04-13,834.86
2011-04-14,832.03
2011-04-15,838.65
2011-04-18,815.43
2011-04-19,828.58
2011-04-20,832.55
2011-04-21,839.26
2011-04-22,840.65
2011-04-25,841.86
2011-04-26,837.03
2011-04-27,825.93
2011-04-28,833.15
2011-04-29,845.76
2011-05-02,850.17
2011-05-03,859.43
2011-05-04,852.51
2011-05-05,851.17
2011-05-06,835.84
2011-05-09,830.56
2011-05-10,821.82
2011-05-11,799.73
2011-05-12,812.1
2011-05-13,785.9
2011-05-16,801.28
2011-05-17,799.7
2011-05-18,776.33
2011-05-20,771.34
2011-05-23,771.16
2011-05-24,788.76
2011-05-25,773.34
2011-05-26,773.49
2011-05-27,757.49
2011-05-30,745.19
2011-05-31,766.29
2011-06-01,767.94
2011-06-02,767.64
2011-06-03,762.35
2011-06-06,772.26
2011-06-07,785.61
2011-06-08,780.68
2011-06-09,776.93
2011-06-10,777.77
2011-06-13,774.39
2011-06-14,754.99
2011-06-15,738.72
2011-06-16,744.01
2011-06-17,750.23
2011-06-20,740.95
2011-06-21,754.52
2011-06-22,743.93
2011-06-23,750.64
2011-06-24,756.81
2011-06-27,754.67
2011-06-28,765.68
2011-06-29,767.01
2011-06-30,769.3
2011-07-01,769.22
2011-07-04,783.11
2011-07-05,778.68
2011-07-06,769.72
2011-07-07,781.41
2011-07-08,774.1
2011-07-11,765.13
2011-07-12,762.54
2011-07-13,768.42
2011-07-14,761.89
2011-07-15,760.62
2011-07-18,752.35
2011-07-19,750.35
2011-07-20,747.64
2011-07-21,740.24
2011-07-22,726.01
2011-07-25,742.54
2011-07-26,745.5
2011-07-27,742.18
2011-07-28,760.22
2011-07-29,756.15
2011-08-01,749.62
2011-08-02,747.67
2011-08-03,744.88
2011-08-04,720.17
2011-08-05,681.61
2011-08-08,634.77
2011-08-09,645.39
2011-08-10,606.86
2011-08-11,629.68
2011-08-12,629.6
2011-08-15,645.42
2011-08-16,654.99
2011-08-17,655.79
2011-08-18,627.02
2011-08-19,644.31
2011-08-22,648.02
2011-08-23,634.22
2011-08-24,644.11
2011-08-25,642.28
2011-08-26,653.28
2011-08-29,656.0
2011-09-02,673.64
2011-09-05,656.25
2011-09-06,668.75
2011-09-07,669.39
2011-09-08,689.82
2011-09-09,679.67
2011-09-12,676.93
2011-09-13,689.98
2011-09-14,682.33
2011-09-15,695.04
2011-09-16,704.22
2011-09-19,704.71
2011-09-20,746.47
2011-09-21,743.83
2011-09-22,705.62
2011-09-23,685.82
2011-09-26,690.31
2011-09-27,710.42
2011-09-28,722.37
2011-09-29,733.47
2011-09-30,734.98
2011-10-03,732.59
2011-10-04,702.35
2011-10-05,702.43
2011-10-06,700.3
2011-10-07,701.08
2011-10-10,714.98
2011-10-11,719.4
2011-10-12,728.49
2011-10-13,716.18
2011-10-14,726.33
2011-10-17,714.81
2011-10-18,719.05
2011-10-19,703.91
2011-10-20,677.39
2011-10-21,688.64
2011-10-24,680.13
2011-10-25,680.71
2011-10-26,670.14
2011-10-27,686.38
2011-10-28,692.55
2011-10-31,677.97
2011-11-01,662.14
2011-11-02,674.06
2011-11-03,686.21
2011-11-04,682.69
2011-11-10,674.4
2011-11-11,682.96
2011-11-14,678.36
2011-11-15,678.03
2011-11-16,677.63
2011-11-17,665.45
2011-11-18,657.66
2011-11-21,636.1
2011-11-22,626.37
2011-11-23,614.86
2011-11-24,594.63
2011-11-25,616.14
2011-11-28,631.28
2011-11-29,629.64
2011-11-30,660.46
2011-12-01,651.42
2011-12-02,664.32
2011-12-05,669.78
2011-12-06,663.55
2011-12-07,669.64
2011-12-08,648.09
2011-12-09,652.06
2011-12-12,632.47
2011-12-13,633.96
2011-12-14,619.43
2011-12-15,627.07
2011-12-16,623.54
2011-12-19,609.84
2011-12-20,627.87
2011-12-21,621.54
2011-12-22,619.41
2011-12-23,624.43
2011-12-26,633.03
2011-12-27,633.11
2011-12-28,619.24
2011-12-29,625.99
2011-12-30,616.98
2012-01-02,617.25
2012-01-03,637.89
2012-01-04,620.71
2012-01-05,616.07
2012-01-06,602.86
2012-01-09,599.65
2012-01-10,611.81
2012-01-11,620.02
2012-01-12,627.5
2012-01-13,619.71
2012-01-16,636.0
2012-01-17,645.53
2012-01-18,657.49
2012-01-19,661.07
2012-01-20,663.89
2012-01-23,667.3
2012-01-24,663.08
2012-01-25,664.37
2012-01-26,691.81
2012-01-27,697.21
2012-01-30,703.11
2012-01-31,693.06
2012-02-01,719.11
2012-02-02,729.89
2012-02-03,731.17
2012-02-06,737.48
2012-02-07,736.12
2012-02-08,743.36
2012-02-09,731.25
2012-02-10,720.2
2012-02-13,736.09
2012-02-14,723.27
2012-02-15,726.26
2012-02-16,728.75
2012-02-17,742.54
2012-02-20,747.02
2012-02-21,743.88
2012-02-22,737.43
2012-02-23,720.35
2012-02-24,720.91
2012-02-27,709.61
2012-02-28,725.02
2012-02-29,734.7
2012-03-01,733.91
2012-03-02,737.16
2012-03-05,721.65
2012-03-06,715.29
2012-03-07,719.92
2012-03-08,722.91
2012-03-09,717.92
2012-03-12,714.96
2012-03-13,720.17
2012-03-14,739.63
2012-03-15,745.27
2012-03-16,759.5
2012-03-19,761.81
2012-03-20,756.01
2012-03-21,754.34
2012-03-22,749.17
2012-03-23,743.9
2012-03-26,758.87
2012-03-27,757.52
2012-03-28,748.68
2012-03-29,745.0
2012-03-30,757.12
2012-04-02,764.9
2012-04-03,769.92
2012-04-04,758.67
2012-04-05,752.22
2012-04-06,736.76
2012-04-09,734.82
2012-04-10,725.33
2012-04-11,735.79
2012-04-12,738.5
2012-04-13,733.13
2012-04-16,730.87
2012-04-17,732.51
2012-04-18,724.33
2012-04-19,719.92
2012-04-20,722.36
2012-04-24,714.79
2012-04-25,719.88
2012-04-26,730.14
2012-04-27,727.29
2012-04-30,718.47
2012-05-02,704.53
2012-05-03,708.27
2012-05-04,705.56
2012-05-07,702.65
2012-05-08,701.7
2012-05-09,693.44
2012-05-10,701.66
2012-05-11,702.48
2012-05-14,690.04
2012-05-15,685.93
2012-05-16,695.0
2012-05-17,684.77
2012-05-18,680.56
2012-05-21,675.59
2012-05-22,682.41
2012-05-23,664.3
2012-05-24,655.63
2012-05-25,655.11
2012-05-28,654.99
2012-05-29,665.07
2012-05-30,659.56
2012-05-31,662.72
2012-06-01,668.52
2012-06-04,669.74
2012-06-05,669.55
2012-06-06,674.3
2012-06-07,679.84
2012-06-08,687.68
2012-06-11,689.95
2012-06-12,700.12
2012-06-13,700.58
2012-06-14,702.57
2012-06-15,704.15
2012-06-18,702.05
2012-06-19,715.16
2012-06-20,718.27
2012-06-21,732.07
2012-06-22,732.37
2012-06-25,721.54
2012-06-26,730.31
2012-06-27,744.26
2012-06-28,739.05
2012-06-29,762.64
2012-07-02,754.04
2012-07-03,764.14
2012-07-04,767.62
2012-07-05,753.82
2012-07-06,764.88
2012-07-09,760.74
2012-07-10,768.37
2012-07-11,768.07
2012-07-12,758.95
2012-07-13,762.77
2012-07-16,762.15
2012-07-17,759.9
2012-07-18,759.5
2012-07-19,757.27
2012-07-20,750.05
2012-07-23,737.83
2012-07-24,745.09
2012-07-25,750.43
2012-07-26,779.34
2012-07-27,784.56
2012-07-30,793.42
2012-07-31,783.99
2012-08-01,780.76
2012-08-02,777.4
2012-08-03,797.87
2012-08-06,801.17
2012-08-07,792.19
2012-08-08,788.45
2012-08-09,784.99
2012-08-10,793.83
2012-08-13,794.64
2012-08-14,781.9
2012-08-15,788.6
2012-08-16,793.23
2012-08-17,804.2
2012-08-22,808.07
2012-08-23,807.68
2012-08-24,802.49
2012-08-27,806.57
2012-08-28,808.47
2012-08-29,809.98
2012-08-31,826.45
2012-09-03,824.95
2012-09-04,821.15
2012-09-05,830.54
2012-09-06,831.67
2012-09-07,833.24
2012-09-10,835.35
2012-09-11,834.51
2012-09-12,835.43
2012-09-13,824.21
2012-09-14,836.54
2012-09-17,835.76
2012-09-18,828.78
2012-09-19,821.72
2012-09-20,820.49
2012-09-21,832.81
2012-09-24,824.7
2012-09-25,832.66
2012-09-26,818.9
2012-09-27,819.71
2012-09-28,813.63
2012-10-01,819.9
2012-10-02,829.7
2012-10-03,820.98
2012-10-04,823.59
2012-10-05,829.61
2012-10-08,831.55
2012-10-09,839.78
2012-10-10,844.36
2012-10-11,861.46
2012-10-12,860.7
2012-10-15,864.35
2012-10-16,870.84
2012-10-17,876.3
2012-10-18,871.74
2012-10-19,876.62
2012-10-22,883.81
2012-10-23,876.85
2012-10-24,875.39
2012-10-30,889.93
2012-10-31,903.6
2012-11-01,905.03
2012-11-02,889.06
2012-11-05,907.9
2012-11-06,897.3
2012-11-07,892.54
2012-11-08,906.6
2012-11-09,895.02
2012-11-12,888.33
2012-11-13,897.61
2012-11-14,888.16
2012-11-15,891.25
2012-11-16,880.61
2012-11-19,878.88
2012-11-20,877.77
2012-11-21,873.98
2012-11-22,869.33
2012-11-23,883.49
2012-11-26,895.1
2012-11-27,895.8
2012-11-28,896.47
2012-11-29,902.56
2012-11-30,910.59
2012-12-03,927.95
2012-12-04,946.08
2012-12-05,953.4
2012-12-06,948.96
2012-12-07,954.32
2012-12-10,959.3
2012-12-11,959.95
2012-12-12,968.15
2012-12-13,962.21
2012-12-14,952.16
2012-12-17,968.73
2012-12-18,966.6
2012-12-19,958.5
2012-12-20,958.18
2012-12-21,956.95
2012-12-24,965.55
2012-12-25,969.01
2012-12-26,974.42
2012-12-27,981.55
2012-12-28,982.3
2012-12-31,977.28
2013-01-01,977.28
2013-01-02,995.56
2013-01-03,1000.14
2013-01-04,993.62
2013-01-07,1001.53
2013-01-08,1000.74
2013-01-09,1014.09
2013-01-10,1008.66
2013-01-11,1010.91
2013-01-14,1023.34
2013-01-15,1028.15
2013-01-16,1050.58
2013-01-17,1062.34
2013-01-18,1064.77
2013-01-21,1066.81
2013-01-22,1072.17
2013-01-23,1080.71
2013-01-24,1080.94
2013-01-25,1057.95
2013-01-28,1011.15
2013-01-29,1024.42
2013-01-30,980.14
2013-01-31,975.87
2013-02-01,996.35
2013-02-04,1002.81
2013-02-05,996.65
2013-02-06,993.87
2013-02-07,967.73
2013-02-08,975.04
2013-02-11,955.82
2013-02-12,966.85
2013-02-13,964.21
2013-02-14,959.84
2013-02-15,966.49
2013-02-18,965.4
2013-02-19,970.71
2013-02-20,977.71
2013-02-21,956.09
2013-02-22,936.64
2013-02-25,947.4
2013-02-26,960.98
2013-02-27,967.91
2013-02-28,980.95
2013-03-01,987.44
2013-03-04,996.83
2013-03-05,1002.76
2013-03-06,1018.17
2013-03-07,1013.89
2013-03-08,1038.64
2013-03-11,1032.96
2013-03-12,1035.39
2013-03-13,1025.63
2013-03-14,1016.6
2013-03-15,1031.79
2013-03-18,1033.94
2013-03-19,1018.12
2013-03-20,1015.62
2013-03-21,1018.05
2013-03-22,1018.66
2013-03-25,1021.12
2013-03-26,1037.07
2013-03-27,1038.09
2013-03-28,1051.67
2013-03-29,1058.15
2013-04-01,1058.12
2013-04-02,1058.16
2013-04-03,1042.49
2013-04-04,1019.87
2013-04-05,1005.34
2013-04-08,1024.37
2013-04-09,1017.18
2013-04-10,1012.2
2013-04-11,1034.31
2013-04-12,1040.91
2013-04-15,1047.73
2013-04-16,1040.25
2013-04-17,1034.98
2013-04-18,1016.75
2013-04-19,1018.97
2013-04-22,1027.43
2013-04-24,1040.04
2013-04-25,1042.13
2013-04-26,1044.5
2013-04-29,1046.73
2013-04-30,1060.56
2013-05-02,1095.53
2013-05-03,1101.87
2013-05-06,1109.96
2013-05-07,1105.24
2013-05-08,1124.33
2013-05-09,1110.81
2013-05-10,1107.29
2013-05-13,1112.37
2013-05-14,1131.63
2013-05-15,1144.77
2013-05-16,1142.89
2013-05-17,1140.62
2013-05-20,1114.23
2013-05-21,1127.82
2013-05-22,1153.41
2013-05-23,1127.86
2013-05-24,1125.48
2013-05-27,1117.44
2013-05-28,1106.16
2013-05-29,1071.36
2013-05-30,1072.72
2013-05-31,1057.5
2013-06-03,948.28
2013-06-04,992.0
2013-06-05,975.98
2013-06-06,928.81
2013-06-07,960.76
2013-06-10,937.87
2013-06-11,921.87
2013-06-12,943.92
2013-06-13,937.19
2013-06-14,982.44
2013-06-17,969.89
2013-06-18,954.9
2013-06-19,967.76
2013-06-20,899.18
2013-06-21,892.64
2013-06-24,860.61
2013-06-25,864.62
2013-06-26,897.03
2013-06-27,919.94
2013-06-28,927.06
2013-07-01,932.29
2013-07-02,929.21
2013-07-03,893.04
2013-07-04,917.0
2013-07-05,886.93
2013-07-08,868.68
2013-07-09,872.54
2013-07-10,859.13
2013-07-11,867.53
2013-07-12,897.94
2013-07-15,927.78
2013-07-16,918.62
2013-07-17,938.87
2013-07-18,936.07
2013-07-19,920.0
2013-07-22,918.86
2013-07-23,912.05
2013-07-24,894.51
2013-07-25,893.26
2013-07-26,876.33
2013-07-29,883.82
2013-07-30,903.28
2013-07-31,888.59
2013-08-01,888.02
2013-08-02,897.48
2013-08-05,899.62
2013-08-06,894.3
2013-08-07,888.18
2013-08-12,914.02
2013-08-13,916.25
2013-08-14,916.51
2013-08-15,895.26
2013-08-16,899.25
2013-08-19,874.13
2013-08-20,873.24
2013-08-21,841.9
2013-08-22,826.15
2013-08-23,824.27
2013-08-26,836.58
2013-08-27,799.53
2013-08-28,803.11
2013-08-29,811.21
2013-09-02,837.63
2013-09-03,818.94
2013-09-04,818.01
2013-09-05,814.54
2013-09-06,822.1
2013-09-09,854.34
2013-09-10,880.11
2013-09-11,879.12
2013-09-12,890.92
2013-09-13,876.76
2013-09-16,909.67
2013-09-17,917.78
2013-09-18,918.08
2013-09-19,983.76
2013-09-20,963.21
2013-09-23,948.44
2013-09-24,942.88
2013-09-25,938.73
2013-09-26,931.06
2013-09-27,918.15
2013-09-30,913.9
2013-10-01,940.19
2013-10-02,922.49
2013-10-03,937.1
2013-10-04,936.47
2013-10-07,929.96
2013-10-08,917.58
2013-10-09,910.36
2013-10-10,924.88
2013-10-11,931.87
2013-10-14,932.93
2013-10-21,965.26
2013-10-22,972.04
2013-10-23,960.36
2013-10-24,962.89
2013-10-25,968.34
2013-10-28,973.33
2013-10-30,964.61
2013-10-31,946.59
2013-11-01,931.02
2013-11-04,926.49
2013-11-05,906.67
2013-11-06,922.7
2013-11-07,921.88
2013-11-08,896.09
2013-11-11,873.23
2013-11-12,872.89
2013-11-13,880.39
2013-11-14,902.17
2013-11-15,907.18
2013-11-18,925.89
2013-11-19,912.43
2013-11-20,921.48
2013-11-21,912.3
2013-11-22,924.39
2013-11-25,936.55
2013-11-26,923.09
2013-11-27,914.27
2013-11-28,910.32
2013-11-29,923.64
2013-12-02,913.27
2013-12-03,890.12
2013-12-04,890.21
2013-12-05,875.73
2013-12-06,894.09
2013-12-09,903.77
2013-12-10,902.89
2013-12-11,900.45
2013-12-12,889.02
2013-12-13,903.24
2013-12-16,913.99
2013-12-17,863.77
2013-12-18,871.53
2013-12-19,841.12
2013-12-20,848.45
2013-12-23,828.51
2013-12-24,839.75
2013-12-25,803.66
2013-12-26,784.06
2013-12-27,775.86
2013-12-30,826.5
2013-12-31,824.48
2014-01-02,813.52
2014-01-03,799.11
2014-01-06,825.74
2014-01-07,834.22
2014-01-08,818.65
2014-01-09,808.35
2014-01-10,828.92
2014-01-13,831.99
2014-01-14,832.36
2014-01-15,832.57
2014-01-16,816.53
2014-01-17,800.26
2014-01-20,801.33
2014-01-21,809.48
2014-01-22,822.26
2014-01-23,797.46
2014-01-24,783.6
2014-01-27,786.27
2014-01-28,770.48
2014-01-29,751.43
2014-01-30,760.32
2014-01-31,747.58
2014-02-03,746.61
2014-02-04,760.96
2014-02-05,756.14
2014-02-06,783.88
2014-02-07,784.96
2014-02-10,777.34
2014-02-11,780.39
2014-02-12,783.15
2014-02-13,773.13
2014-02-14,787.53
2014-02-17,796.91
2014-02-18,777.42
2014-02-19,768.23
2014-02-20,772.23
2014-02-21,774.2
2014-02-24,777.57
2014-02-25,752.08
2014-02-26,744.28
2014-02-27,748.24
2014-02-28,757.58
2014-03-03,741.73
2014-03-04,765.48
2014-03-05,770.9
2014-03-06,777.82
2014-03-07,764.74
2014-03-10,758.88
2014-03-11,762.38
2014-03-12,767.02
2014-03-13,768.11
2014-03-14,768.34
2014-03-17,779.92
2014-03-18,799.76
2014-03-19,798.87
2014-03-20,795.53
2014-03-21,787.22
2014-03-24,775.79
2014-03-25,788.87
2014-03-26,831.28
2014-03-27,821.2
2014-03-28,850.04
2014-03-31,856.16
2014-04-01,870.19
2014-04-02,867.81
2014-04-03,878.14
2014-04-04,892.06
2014-04-07,888.52
2014-04-08,908.25
2014-04-09,887.77
2014-04-10,896.24
2014-04-11,890.19
2014-04-14,904.23
2014-04-15,886.59
2014-04-16,887.1
2014-04-17,902.03
2014-04-18,900.46
2014-04-21,899.15
2014-04-22,894.6
2014-04-24,884.09
2014-04-25,871.19
2014-04-28,885.35
2014-04-29,884.27
2014-04-30,905.79
2014-05-02,923.27
2014-05-05,916.87
2014-05-06,922.92
2014-05-07,919.47
2014-05-08,930.41
2014-05-09,927.08
2014-05-12,931.95
2014-05-13,930.36
2014-05-14,933.57
2014-05-15,922.88
2014-05-16,920.02
2014-05-20,922.79
2014-05-21,938.67
2014-05-22,960.63
2014-05-23,960.46
2014-05-26,967.39
2014-05-27,952.41
2014-05-28,957.12
2014-05-29,974.52
2014-05-30,976.92
2014-06-02,968.17
2014-06-03,969.42
2014-06-04,964.36
2014-06-05,984.16
2014-06-06,992.66
2014-06-09,997.5
2014-06-10,1009.11
2014-06-11,975.99
2014-06-12,985.76
2014-06-13,976.28
2014-06-16,957.34
2014-06-17,961.61
2014-06-18,962.76
2014-06-19,975.92
2014-06-20,967.44
2014-06-23,979.88
2014-06-24,974.25
2014-06-25,974.83
2014-06-26,962.12
2014-06-27,966.52
2014-06-30,966.52
2014-07-01,948.91
2014-07-02,945.45
2014-07-03,954.19
2014-07-04,952.63
2014-07-07,971.53
2014-07-08,976.17
2014-07-09,978.0
2014-07-10,965.3
2014-07-11,975.95
2014-07-14,994.21
2014-07-15,1001.64
2014-07-16,1014.25
2014-07-17,1006.62
2014-07-18,1014.26
2014-07-21,1013.66
2014-07-22,1016.89
2014-07-23,1020.51
2014-07-24,1034.3
2014-07-25,1039.53
2014-07-31,1013.95
2014-08-01,1014.41
2014-08-04,1010.34
2014-08-05,993.64
2014-08-06,977.54
2014-08-07,970.94
2014-08-08,976.24
2014-08-11,949.22
2014-08-12,956.58
2014-08-13,951.92
2014-08-14,951.14
2014-08-15,938.82
2014-08-18,947.79
2014-08-19,973.69
2014-08-20,967.97
2014-08-21,969.59
2014-08-22,968.21
2014-08-25,973.91
2014-08-26,994.04
2014-08-27,989.8
2014-08-28,994.96
2014-08-29,986.78
2014-09-01,992.53
2014-09-02,990.37
2014-09-03,999.76
2014-09-04,1012.81
2014-09-05,1011.98
2014-09-08,1011.46
2014-09-09,983.79
2014-09-10,976.68
2014-09-11,968.28
2014-09-12,952.57
2014-09-15,954.21
2014-09-16,964.49
2014-09-17,968.08
2014-09-18,947.71
2014-09-19,942.14
2014-09-22,941.35
2014-09-23,939.89
2014-09-24,920.16
2014-09-25,910.82
2014-09-26,911.23
2014-09-29,911.91
2014-09-30,916.01
2014-10-01,904.16
2014-10-02,902.49
2014-10-03,907.08
2014-10-08,890.29
2014-10-09,919.49
2014-10-10,896.76
2014-10-13,918.15
2014-10-14,912.38
2014-10-15,914.4
2014-10-16,911.05
2014-10-17,924.54
2014-10-20,933.24
2014-10-21,950.13
2014-10-22,955.87
2014-10-23,975.1
2014-10-24,973.79
2014-10-27,971.17
2014-10-28,976.85
2014-10-30,979.47
2014-10-31,989.57
2014-11-03,980.2
2014-11-04,982.57
2014-11-05,965.45
2014-11-06,947.49
2014-11-07,956.14
2014-11-10,952.95
2014-11-11,962.13
2014-11-12,990.73
2014-11-13,996.62
2014-11-14,1001.56
2014-11-17,992.71
2014-11-18,1003.93
2014-11-19,1004.42
2014-11-20,1018.82
2014-11-21,1028.79
2014-11-24,1027.18
2014-11-25,1030.81
2014-11-26,1040.1
2014-11-27,1046.58
2014-11-28,1067.72
2014-12-01,1067.29
2014-12-02,1049.08
2014-12-03,1049.23
2014-12-04,1066.93
2014-12-05,1053.0
2014-12-08,1047.29
2014-12-09,1029.92
2014-12-10,1037.74
2014-12-11,1046.35
2014-12-12,1025.79
2014-12-15,1022.52
2014-12-16,979.78
2014-12-17,1001.05
2014-12-18,1032.07
2014-12-19,1035.28
2014-12-22,1054.61
2014-12-23,1044.73
2014-12-24,1048.87
2014-12-25,1048.97
2014-12-26,1050.82
2014-12-29,1039.48
2014-12-30,1044.56
2014-12-31,1061.5
2015-01-02,1057.73
2015-01-05,1071.48
2015-01-06,1076.99
2015-01-07,1074.48
2015-01-08,1085.98
2015-01-09,1084.68
2015-01-12,1085.84
2015-01-13,1091.63
2015-01-14,1083.99
2015-01-15,1088.29
2015-01-16,1085.79
2015-01-19,1092.62
2015-01-20,1109.26
2015-01-21,1125.15
2015-01-22,1132.41
2015-01-23,1128.34
2015-01-26,1136.15
2015-01-27,1132.07
2015-01-28,1120.88
2015-01-29,1096.18
2015-01-30,1101.74
2015-02-02,1112.74
2015-02-03,1082.72
2015-02-04,1061.62
2015-02-05,1060.56
2015-02-06,1048.58
2015-02-09,1044.49
2015-02-10,1026.0
2015-02-11,1030.12
2015-02-12,1063.59
2015-02-13,1059.2
2015-02-16,1061.12
2015-02-17,1040.75
2015-02-18,1054.48
2015-02-19,1066.3
2015-02-20,1053.92
2015-02-23,1065.22
2015-02-24,1069.55
2015-02-25,1069.5
2015-02-26,1058.48
2015-02-27,1033.83
2015-03-02,1031.56
2015-03-03,1036.53
2015-03-04,1006.52
2015-03-05,987.91
2015-03-06,982.53
2015-03-09,988.1
2015-03-10,953.69
2015-03-11,959.2
2015-03-12,959.79
2015-03-13,938.28
2015-03-16,958.35
2015-03-17,981.55
2015-03-18,979.47
2015-03-19,1005.51
2015-03-20,1014.56
2015-03-23,1030.39
2015-03-24,1007.84
2015-03-25,1016.51
2015-03-26,1001.19
2015-03-27,993.19
2015-03-30,1009.79
2015-03-31,990.74
2015-04-01,996.13
2015-04-02,1001.3
2015-04-03,1019.45
2015-04-06,1020.53
2015-04-07,1009.48
2015-04-08,1012.27
2015-04-09,1020.37
2015-04-10,1008.34
2015-04-13,997.97
2015-04-14,1003.59
2015-04-15,990.67
2015-04-16,1005.07
2015-04-17,1005.41
2015-04-20,1003.57
2015-04-21,1028.89
2015-04-22,1020.89
2015-04-24,1043.69
2015-04-27,1054.68
2015-04-28,1052.54
2015-04-29,1050.52
2015-04-30,1023.87
2015-05-04,1024.38
2015-05-05,1014.98
2015-05-06,1002.53
2015-05-07,1005.61
2015-05-08,1027.22
2015-05-11,1035.0
2015-05-12,1043.96
2015-05-13,1058.17
2015-05-14,1068.77
2015-05-15,1073.92
2015-05-18,1086.1
2015-05-20,1074.42
2015-05-21,1057.74
2015-05-22,1048.67
2015-05-25,1033.15
2015-05-26,1019.51
2015-05-27,1029.08
2015-05-28,1018.18
2015-05-29,1010.03
2015-06-01,979.29
2015-06-02,994.02
2015-06-03,1020.16
2015-06-04,1009.78
2015-06-05,1002.59
2015-06-08,952.06
2015-06-09,953.3
2015-06-10,972.61
2015-06-11,987.25
2015-06-12,983.75
2015-06-15,964.49
2015-06-16,980.47
2015-06-17,987.12
2015-06-18,1002.55
2015-06-19,1008.81
2015-06-22,1021.7
2015-06-23,1016.24
2015-06-24,1029.29
2015-06-25,1018.45
2015-06-26,1021.29
2015-06-29,998.95
2015-06-30,1004.34
2015-07-01,994.46
2015-07-02,996.55
2015-07-03,988.19
2015-07-06,1004.28
2015-07-07,991.71
2015-07-08,977.27
2015-07-09,1001.33
2015-07-10,1008.37
2015-07-13,1016.97
2015-07-14,1012.21
2015-07-15,1007.22
2015-07-16,1007.93
2015-07-20,989.01
2015-07-21,991.66
2015-07-22,989.01
2015-07-23,956.7
2015-07-24,960.55
2015-07-27,944.57
2015-07-28,953.53
2015-07-29,955.89
2015-07-30,958.59
2015-07-31,979.35
2015-08-03,957.48
2015-08-04,958.44
2015-08-05,956.52
2015-08-06,965.76
2015-08-07,961.69
2015-08-10,952.12
2015-08-11,979.94
2015-08-12,962.27
2015-08-13,948.29
2015-08-14,949.89
2015-08-17,944.68
2015-08-18,930.89
2015-08-19,922.18
2015-08-20,915.77
2015-08-21,904.43
2015-08-24,875.45
2015-08-25,903.25
2015-08-26,905.13
2015-08-27,919.06
2015-08-28,916.43
2015-08-31,923.61
2015-09-01,902.66
2015-09-02,903.95
2015-09-03,909.1
2015-09-04,895.47
2015-09-07,882.03
2015-09-08,884.74
2015-09-09,884.33
2015-09-10,882.77
2015-09-11,876.87
2015-09-14,875.93
2015-09-15,899.77
2015-09-16,911.59
2015-09-17,922.27
2015-09-18,922.91
2015-09-21,931.97
2015-09-22,920.03
2015-09-23,915.92
2015-09-28,899.94
2015-09-29,912.83
2015-09-30,912.36
2015-10-01,916.21
2015-10-02,914.21
2015-10-05,946.71
2015-10-06,950.83
2015-10-07,968.65
2015-10-08,967.77
2015-10-09,975.34
2015-10-12,976.74
2015-10-13,963.5
2015-10-14,976.85
2015-10-15,974.76
2015-10-16,965.14
2015-10-19,980.31
2015-10-20,990.1
2015-10-21,979.6
2015-10-22,986.0
2015-10-23,984.71
2015-10-26,975.23
2015-10-27,968.89
2015-10-28,969.07
2015-10-30,982.13
2015-11-02,1035.94
2015-11-03,1024.88
2015-11-04,1034.34
2015-11-05,1022.67
2015-11-06,1010.03
2015-11-09,1009.99
2015-11-10,999.07
2015-11-11,1005.79
2015-11-12,1012.1
2015-11-13,1008.21
2015-11-16,996.32
2015-11-17,997.82
2015-11-18,990.71
2015-11-19,989.54
2015-11-20,992.66
2015-11-23,980.23
2015-11-24,937.45
2015-11-25,943.38
2015-11-26,919.52
2015-11-27,927.13
2015-11-30,921.92
2015-12-01,941.47
2015-12-02,936.07
2015-12-03,924.53
2015-12-04,909.02
2015-12-07,905.45
2015-12-08,895.95
2015-12-09,915.87
2015-12-10,887.72
2015-12-11,861.96
2015-12-14,848.93
2015-12-15,885.83
2015-12-16,893.8
2015-12-17,904.27
2015-12-18,887.88
2015-12-21,898.48
2015-12-22,894.12
2015-12-23,905.67
2015-12-24,905.83
2015-12-25,907.52
2015-12-28,907.85
2015-12-29,903.61
2015-12-30,893.79
2015-12-31,874.28
2016-01-04,859.81
2016-01-05,861.47
2016-01-06,868.62
2016-01-07,874.17
2016-01-08,862.35
2016-01-11,868.25
2016-01-12,877.24
2016-01-13,887.1
2016-01-14,880.73
2016-01-15,869.54
2016-01-18,870.67
2016-01-19,870.41
2016-01-20,851.52
2016-01-21,839.12
2016-01-22,861.06
2016-01-25,863.29
2016-01-26,879.93
2016-01-27,882.13
2016-01-28,885.83
2016-01-29,900.41
2016-02-01,899.46
2016-02-02,886.5
2016-02-03,897.5
2016-02-04,914.1
2016-02-05,910.03
2016-02-08,882.11
2016-02-09,875.4
2016-02-10,877.78
2016-02-11,870.47
2016-02-12,869.61
2016-02-15,872.6
2016-02-16,871.05
2016-02-17,894.25
2016-02-18,902.65
2016-02-19,895.89
2016-02-22,918.21
2016-02-23,927.06
2016-02-24,909.96
2016-02-25,924.62
2016-02-26,921.3
2016-02-29,932.45
2016-03-01,933.39
2016-03-02,942.69
2016-03-03,943.37
2016-03-04,948.03
2016-03-07,950.14
2016-03-08,953.8
2016-03-09,967.81
2016-03-10,972.93
2016-03-11,978.44
2016-03-14,987.03
2016-03-15,972.67
2016-03-16,975.53
2016-03-17,1002.79
2016-03-18,1023.43
2016-03-21,1028.59
2016-03-22,1007.85
2016-03-23,990.12
2016-03-24,1002.85
2016-03-25,1001.84
2016-03-28,1001.63
2016-03-29,1005.55
2016-03-30,1019.93
2016-03-31,1023.49
2016-04-01,1010.56
2016-04-04,1029.35
2016-04-05,1018.03
2016-04-06,997.07
2016-04-07,991.92
2016-04-08,1009.89
2016-04-11,1029.25
2016-04-12,1024.26
2016-04-13,1051.13
2016-04-14,1052.56
2016-04-15,1048.95
2016-04-18,1059.12
2016-04-19,1058.27
2016-04-20,1050.22
2016-04-21,1052.98
2016-04-22,1055.23
2016-04-25,1044.74
2016-04-26,1053.47
2016-04-27,1047.53
2016-04-28,1049.57
2016-04-29,1047.99
2016-05-02,1029.58
2016-05-03,995.59
2016-05-04,974.29
2016-05-05,964.72
2016-05-06,959.67
2016-05-09,967.71
2016-05-10,965.76
2016-05-11,968.36
2016-05-12,958.53
2016-05-13,952.34
2016-05-16,942.58
2016-05-17,946.42
2016-05-18,945.77
2016-05-20,933.55
2016-05-23,939.57
2016-05-24,975.22
2016-05-25,964.16
2016-05-26,956.37
2016-05-27,956.57
2016-05-30,963.91
2016-05-31,955.01
2016-06-01,946.1
2016-06-02,935.97
2016-06-03,960.11
2016-06-06,965.55
2016-06-07,959.79
2016-06-08,968.92
2016-06-09,954.09
2016-06-10,944.48
2016-06-13,941.76
2016-06-14,930.96
2016-06-15,937.06
2016-06-16,917.49
2016-06-17,928.35
2016-06-20,955.93
2016-06-21,956.09
2016-06-22,953.64
2016-06-23,963.62
2016-06-24,930.34
2016-06-27,926.81
2016-06-28,949.5
2016-06-29,945.15
2016-06-30,945.35
2016-07-01,959.73
2016-07-04,964.36
2016-07-08,959.22
2016-07-11,975.03
2016-07-12,1000.88
2016-07-13,1001.95
2016-07-14,1018.68
2016-07-15,1020.55
2016-07-18,952.11
2016-07-19,940.5
2016-07-20,925.03
2016-07-21,882.84
2016-07-22,882.8
2016-07-25,910.89
2016-07-26,904.62
2016-07-27,921.2
2016-07-28,922.16
2016-07-29,924.66
2016-08-01,940.02
2016-08-02,928.36
2016-08-03,913.06
2016-08-04,933.78
2016-08-05,933.6
2016-08-08,955.65
2016-08-09,964.47
2016-08-10,957.68
2016-08-11,970.94
2016-08-12,960.46
2016-08-15,962.58
2016-08-16,954.77
2016-08-17,960.37
2016-08-18,958.64
2016-08-19,961.37
2016-08-22,957.81
2016-08-23,950.32
2016-08-24,934.82
2016-08-25,941.98
2016-08-26,946.68
2016-08-29,932.87
2016-08-31,931.7
2016-09-01,930.58
2016-09-02,943.95
2016-09-05,955.4
2016-09-06,958.26
2016-09-07,954.01
2016-09-08,956.75
2016-09-09,946.27
2016-09-16,932.73
2016-09-19,952.99
2016-09-20,947.99
2016-09-21,955.25
2016-09-22,980.15
2016-09-23,978.81
2016-09-26,940.48
2016-09-27,945.97
2016-09-28,952.1
2016-09-29,943.84
2016-09-30,936.43
2016-10-03,944.78
2016-10-04,941.94
2016-10-05,952.26
2016-10-06,952.59
2016-10-07,953.32
2016-10-10,951.47
2016-10-11,948.29
2016-10-12,946.22
2016-10-13,938.0
2016-10-14,946.66
2016-10-17,945.02
2016-10-18,957.23
2016-10-19,968.38
2016-10-20,969.21
2016-10-21,963.74
2016-10-24,977.49
2016-10-25,970.75
2016-10-26,970.74
2016-10-27,961.1
2016-10-28,957.01
2016-10-31,960.18
2016-11-01,946.93
2016-11-02,943.39
2016-11-03,937.43
2016-11-04,907.06
2016-11-07,924.11
2016-11-08,933.6
2016-11-09,929.93
2016-11-10,932.01
2016-11-11,916.98
2016-11-14,908.14
2016-11-15,918.25
2016-11-16,912.61
2016-11-17,916.96
2016-11-18,924.29
2016-11-21,923.2
2016-11-22,925.93
2016-11-23,916.81
2016-11-24,906.57
2016-11-25,909.35
2016-11-28,917.65
2016-11-29,907.27
2016-11-30,904.3
2016-12-01,886.91
2016-12-02,898.08
2016-12-05,899.8
2016-12-06,922.86
2016-12-07,930.45
2016-12-08,929.62
2016-12-09,926.91
2016-12-12,933.38
2016-12-13,943.33
2016-12-14,942.6
2016-12-15,952.21
2016-12-16,950.69
2016-12-19,944.31
2016-12-20,952.22
2016-12-21,949.13
2016-12-22,947.42
2016-12-23,942.1
2016-12-26,942.21
2016-12-27,939.01
2016-12-28,949.3
2016-12-29,951.84
2016-12-30,954.99
2017-01-02,948.76
2017-01-03,933.42
2017-01-04,926.45
2017-01-05,930.53
2017-01-06,938.92
2017-01-09,942.47
2017-01-10,941.34
2017-01-11,944.57
2017-01-12,987.62
2017-01-13,996.07
2017-01-16,996.14
2017-01-17,1003.75
2017-01-18,1009.0
2017-01-19,1003.79
2017-01-20,1013.43
2017-01-23,1013.25
2017-01-24,1028.94
2017-01-25,1014.86
2017-01-26,1024.24
2017-01-27,1025.63
2017-01-30,1057.45
2017-01-31,1058.5
2017-02-01,1065.45
2017-02-02,1072.07
2017-02-03,1085.31
2017-02-06,1071.01
2017-02-07,1072.42
2017-02-08,1082.24
2017-02-09,1090.02
2017-02-10,1071.24
2017-02-13,1086.02
2017-02-14,1080.49
2017-02-15,1077.81
2017-02-16,1082.12
2017-02-17,1091.12
2017-02-20,1087.84
2017-02-21,1092.43
2017-02-22,1087.33
2017-02-23,1095.1
2017-02-24,1083.78
2017-02-27,1077.3
2017-02-28,1074.07
2017-03-01,1097.52
2017-03-02,1105.13
2017-03-03,1102.17
2017-03-06,1120.05
2017-03-07,1116.08
2017-03-08,1098.51
2017-03-09,1091.55
2017-03-10,1099.61
2017-03-13,1097.08
2017-03-14,1092.94
2017-03-15,1097.5
2017-03-16,1108.4
2017-03-17,1111.33
2017-03-20,1116.67
2017-03-21,1112.04
2017-03-22,1101.53
2017-03-23,1100.34
2017-03-24,1109.07
2017-03-27,1100.19
2017-03-28,1106.88
2017-03-29,1095.09
2017-03-30,1095.09
2017-03-31,1090.14
2017-04-03,1086.29
2017-04-04,1084.24
2017-04-05,1090.13
2017-04-06,1085.26
2017-04-07,1084.11
2017-04-10,1121.44
2017-04-11,1117.11
2017-04-12,1117.7
2017-04-13,1104.09
2017-04-14,1107.57
2017-04-17,1113.16
2017-04-18,1122.82
2017-04-19,1115.2
2017-04-20,1130.19
2017-04-21,1136.38
2017-04-24,1154.01
2017-04-25,1165.35
2017-04-26,1163.93
2017-04-27,1160.9
2017-04-28,1166.65
2017-05-02,1160.55
2017-05-03,1153.91
2017-05-04,1143.19
2017-05-05,1155.02
2017-05-08,1153.25
2017-05-09,1173.7
2017-05-10,1185.02
2017-05-11,1170.35
2017-05-12,1168.49
2017-05-15,1175.61
2017-05-16,1183.75
2017-05-17,1177.51
2017-05-18,1170.76
2017-05-22,1186.38
2017-05-23,1201.72
2017-05-24,1209.89
2017-05-25,1201.03
2017-05-26,1198.27
2017-05-29,1200.62
2017-05-30,1195.5
2017-05-31,1197.46
2017-06-01,1195.6
2017-06-02,1214.96
2017-06-05,1206.13
2017-06-06,1207.9
2017-06-07,1199.66
2017-06-08,1203.23
2017-06-09,1215.31
2017-06-12,1222.53
2017-06-13,1219.69
2017-06-14,1223.1
2017-06-15,1211.85
2017-06-16,1205.32
2017-06-19,1219.84
2017-06-20,1217.64
2017-06-21,1219.98
2017-06-22,1227.48
2017-06-23,1222.93
2017-06-28,1235.65
2017-06-29,1230.75
2017-06-30,1233.08
2017-07-03,1233.43
2017-07-04,1242.57
2017-07-05,1237.04
2017-07-06,1236.15
2017-07-07,1229.24
2017-07-10,1242.5
2017-07-11,1270.02
2017-07-12,1278.53
2017-07-13,1282.1
2017-07-14,1295.81
2017-07-17,1309.1
2017-07-18,1302.23
2017-07-19,1325.34
2017-07-20,1316.4
2017-07-21,1316.39
2017-07-24,1314.04
2017-07-25,1316.76
2017-07-26,1317.02
2017-07-27,1331.44
2017-07-28,1322.8
2017-07-31,1320.65
2017-08-01,1303.75
2017-08-02,1307.24
2017-08-03,1316.72
2017-08-04,1335.55
2017-08-07,1349.4
2017-08-08,1347.82
2017-08-09,1335.23
2017-08-10,1323.34
2017-08-11,1312.04
2017-08-14,1344.39
2017-08-15,1315.16
2017-08-16,1315.1
2017-08-17,1314.43
2017-08-18,1318.37
2017-08-21,1336.47
2017-08-22,1335.14
2017-08-23,1339.91
2017-08-24,1343.18
2017-08-25,1350.8
2017-08-28,1358.76
2017-08-29,1360.1
2017-08-31,1354.27
2017-09-05,1337.83
2017-09-06,1347.32
2017-09-07,1346.13
2017-09-08,1328.69
2017-09-11,1340.58
2017-09-12,1336.56
2017-09-13,1323.97
2017-09-14,1326.37
2017-09-15,1318.62
2017-09-18,1305.96
2017-09-19,1286.36
2017-09-20,1292.11
2017-09-21,1276.06
2017-09-22,1278.6
2017-09-25,1258.98
2017-09-26,1278.94
2017-09-27,1243.77
2017-09-28,1260.05
2017-09-29,1261.15
2017-10-02,1272.53
2017-10-03,1271.93
2017-10-04,1279.71
2017-10-05,1277.14
2017-10-06,1274.96
2017-10-09,1239.79
2017-10-10,1265.53
2017-10-11,1272.32
2017-10-12,1299.79
2017-10-13,1303.22
2017-10-16,1305.78
2017-10-17,1311.48
2017-10-18,1310.27
2017-10-19,1330.44
2017-10-20,1331.73
2017-10-23,1315.31
2017-10-24,1314.53
2017-10-25,1328.27
2017-10-26,1314.84
2017-10-27,1321.87
2017-10-30,1328.09
2017-10-31,1350.49
2017-11-01,1389.96
2017-11-02,1390.78
2017-11-03,1365.53
2017-11-06,1404.93
2017-11-07,1378.95
2017-11-08,1371.06
2017-11-09,1348.27
2017-11-10,1332.91
2017-11-13,1332.6
2017-11-14,1351.55
2017-11-15,1322.25
2017-11-16,1313.45
2017-11-17,1307.35
2017-11-20,1276.97
2017-11-21,1292.39
2017-11-22,1302.25
2017-11-23,1289.49
2017-11-24,1284.5
2017-11-27,1285.72
2017-11-28,1253.07
2017-11-29,1257.65
2017-11-30,1279.23
2017-12-01,1272.34
2017-12-04,1292.98
2017-12-05,1309.17
2017-12-06,1294.63
2017-12-07,1309.44
2017-12-08,1329.17
2017-12-11,1344.81
2017-12-12,1342.54
2017-12-13,1332.14
2017-12-14,1353.24
2017-12-15,1346.45
2017-12-18,1355.73
2017-12-19,1353.39
2017-12-20,1357.72
2017-12-21,1368.82
2017-12-22,1365.47
2017-12-25,1372.41
2017-12-26,1375.83
2017-12-27,1377.63
2017-12-28,1410.01
2017-12-29,1421.12
2018-01-02,1449.47
2018-01-03,1427.41
2018-01-04,1415.91
2018-01-05,1429.72
2018-01-08,1423.23
2018-01-09,1406.86
2018-01-10,1387.31
2018-01-11,1401.23
2018-01-12,1399.71
2018-01-15,1369.63
2018-01-16,1398.93
2018-01-17,1428.0
2018-01-18,1429.85
2018-01-19,1407.7
2018-01-22,1434.94
2018-01-23,1447.76
2018-01-24,1463.44
2018-01-25,1450.85
2018-01-26,1478.8
2018-01-29,1479.36
2018-01-30,1457.93
2018-01-31,1464.81
2018-02-01,1456.96
2018-02-02,1444.97
2018-02-05,1429.42
2018-02-06,1414.43
2018-02-07,1413.3
2018-02-08,1398.22
2018-02-09,1391.65
2018-02-12,1407.47
2018-02-13,1406.46
2018-02-14,1392.8
2018-02-15,1430.02
2018-02-16,1434.19
2018-02-19,1426.26
2018-02-20,1393.59
2018-02-21,1430.81
2018-02-22,1436.44
2018-02-23,1446.24
2018-02-26,1462.93
2018-02-27,1463.67
2018-02-28,1465.54
2018-03-01,1447.36
2018-03-02,1437.16
2018-03-05,1436.17
2018-03-06,1433.59
2018-03-07,1432.76
2018-03-08,1428.76
2018-03-09,1432.71
2018-03-12,1452.31
2018-03-13,1451.26
2018-03-14,1443.73
2018-03-15,1438.22
2018-03-16,1437.61
2018-03-19,1412.23
2018-03-20,1426.49
2018-03-21,1442.48
2018-03-22,1434.69
2018-03-23,1427.53
2018-03-26,1422.17
2018-03-27,1418.99
2018-03-28,1391.9
2018-03-29,1400.63
2018-03-30,1401.29
2018-04-02,1392.98
2018-04-03,1395.57
2018-04-04,1389.83
2018-04-05,1405.65
2018-04-06,1399.43
2018-04-09,1382.15
2018-04-10,1351.96
2018-04-11,1335.11
2018-04-12,1348.9
2018-04-13,1340.72
2018-04-16,1352.27
2018-04-17,1330.75
2018-04-18,1372.97
2018-04-19,1372.26
2018-04-20,1356.86
2018-04-24,1345.41
2018-04-25,1313.62
2018-04-26,1308.62
2018-04-27,1315.64
2018-04-30,1269.28
2018-05-02,1279.77
2018-05-03,1256.63
2018-05-04,1252.55
2018-05-07,1229.8
2018-05-08,1215.96
2018-05-09,1237.29
2018-05-10,1258.86
2018-05-11,1250.61
2018-05-14,1271.13
2018-05-15,1248.96
2018-05-16,1258.67
2018-05-17,1254.79
2018-05-18,1261.13
2018-05-21,1260.01
2018-05-22,1274.61
2018-05-23,1257.46
2018-05-24,1247.75
2018-05-25,1276.32
2018-05-28,1317.01
2018-05-29,1297.32
2018-05-30,1279.23
2018-05-31,1236.49
2018-06-01,1217.87
2018-06-04,1216.49
2018-06-05,1198.91
2018-06-06,1186.39
2018-06-07,1214.29
2018-06-08,1176.51
2018-06-11,1188.06
2018-06-12,1171.37
2018-06-13,1151.21
2018-06-14,1163.54
2018-06-18,1141.97
2018-06-19,1160.4
2018-06-20,1160.9
2018-06-21,1165.6
2018-06-22,1175.16
2018-06-25,1151.82
2018-06-26,1158.07
2018-06-27,1177.42
2018-06-28,1180.83
2018-06-29,1181.04
2018-07-02,1184.42
2018-07-03,1184.01
2018-07-04,1192.66
2018-07-05,1217.25
2018-07-06,1214.22
2018-07-09,1221.38
2018-07-10,1182.63
2018-07-11,1121.83
2018-07-12,1101.58
2018-07-13,1103.27
2018-07-16,1099.73
2018-07-17,1124.95
2018-07-18,1135.06
2018-07-19,1142.64
2018-07-20,1154.46
2018-07-23,1171.07
2018-07-24,1129.32
2018-07-25,1172.04
2018-07-26,1164.89
2018-07-27,1175.15
2018-07-30,1181.66
2018-07-31,1194.5
2018-08-01,1199.08
2018-08-02,1166.99
2018-08-03,1177.58
2018-08-06,1159.31
2018-08-07,1186.9
2018-08-08,1196.2
2018-08-09,1199.51
2018-08-10,1173.76
2018-08-13,1143.65
2018-08-14,1152.1
2018-08-15,1114.49
2018-08-16,1073.72
2018-08-17,1099.75
2018-08-20,1117.12
2018-08-27,1129.01
2018-08-28,1162.61
2018-08-29,1154.01
2018-08-31,1144.1
2018-09-03,1156.16
2018-09-04,1145.71
2018-09-05,1140.31
2018-09-06,1138.32
2018-09-07,1145.91
2018-09-10,1128.08
2018-09-11,1137.93
2018-09-12,1136.12
2018-09-13,1163.95
2018-09-14,1168.89
2018-09-17,1164.33
2018-09-18,1170.3
2018-09-19,1193.7
2018-09-20,1187.51
2018-09-21,1214.02
2018-09-24,1235.72
2018-09-25,1231.8
2018-09-26,1229.63
2018-09-27,1243.6
2018-09-28,1239.51
2018-10-01,1220.32
2018-10-02,1215.49
2018-10-03,1202.97
2018-10-04,1171.52
2018-10-05,1175.37
2018-10-08,1193.36
2018-10-09,1204.16
2018-10-10,1174.82
2018-10-11,1178.72
2018-10-12,1203.1
2018-10-15,1229.02
2018-10-16,1226.43
2018-10-17,1233.04
2018-10-18,1212.78
2018-10-19,1198.53
2018-10-22,1176.28
2018-10-23,1162.1
2018-10-24,1151.33
2018-10-25,1168.95
2018-10-26,1129.12
2018-10-30,1121.73
2018-10-31,1124.59
2018-11-01,1153.66
2018-11-02,1176.5
2018-11-05,1201.68
2018-11-06,1186.03
2018-11-07,1196.4
2018-11-08,1168.32
2018-11-09,1160.42
2018-11-12,1144.25
2018-11-13,1162.3
2018-11-14,1172.05
2018-11-15,1170.23
2018-11-16,1174.33
2018-11-19,1186.31
2018-11-20,1148.58
2018-11-21,1161.96
2018-11-22,1160.87
2018-11-23,1166.32
2018-11-26,1178.43
2018-11-27,1169.78
2018-11-28,1176.44
2018-11-29,1188.68
2018-11-30,1193.25
2018-12-03,1187.88
2018-12-04,1171.75
2018-12-05,1171.94
2018-12-06,1156.93
2018-12-07,1169.63
2018-12-10,1150.28
2018-12-11,1145.77
2018-12-12,1124.42
2018-12-13,1141.96
2018-12-14,1131.92
2018-12-17,1126.21
2018-12-18,1141.9
2018-12-19,1160.69
2018-12-20,1151.22
2018-12-21,1151.2
2018-12-24,1146.33
2018-12-25,1136.99
2018-12-26,1139.67
2018-12-27,1141.17
2018-12-28,1133.52
2018-12-31,1143.43
2019-01-02,1111.31
2019-01-03,1094.85
2019-01-04,1113.97
2019-01-07,1128.94
2019-01-08,1140.09
2019-01-09,1145.3
2019-01-10,1144.55
2019-01-11,1151.58
2019-01-14,1157.41
2019-01-15,1172.76
2019-01-16,1204.76
2019-01-17,1223.53
2019-01-18,1244.28
2019-01-21,1235.97
2019-01-22,1259.74
2019-01-23,1264.42
2019-01-24,1284.23
2019-01-25,1282.76
2019-01-28,1275.76
2019-01-29,1312.21
2019-01-30,1313.04
2019-01-31,1311.94
2019-02-01,1295.06
2019-02-04,1285.97
2019-02-05,1289.51
2019-02-06,1288.7
2019-02-07,1291.38
2019-02-08,1287.12
2019-02-11,1314.08
2019-02-12,1305.38
2019-02-13,1279.34
2019-02-14,1287.86
2019-02-15,1296.12
2019-02-18,1281.73
2019-02-19,1281.72
2019-02-20,1281.63
2019-02-21,1286.86
2019-02-22,1295.12
2019-02-25,1309.2
2019-02-26,1319.47
2019-02-27,1307.58
2019-02-28,1313.28
2019-03-01,1294.11
2019-03-04,1305.61
2019-03-05,1299.08
2019-03-06,1293.28
2019-03-07,1279.53
2019-03-08,1271.08
2019-03-11,1263.32
2019-03-12,1277.11
2019-03-13,1284.05
2019-03-14,1286.27
2019-03-15,1296.01
2019-03-18,1315.01
2019-03-19,1318.29
2019-03-20,1296.21
2019-03-21,1298.21
2019-03-22,1253.32
2019-03-25,1247.57
2019-03-26,1222.05
2019-03-27,1150.38
2019-03-28,1154.42
2019-03-29,1175.5
2019-04-01,1174.86
2019-04-02,1166.73
2019-04-03,1178.85
2019-04-04,1233.82
2019-04-05,1240.1
2019-04-08,1216.06
2019-04-09,1230.91
2019-04-10,1215.84
2019-04-11,1202.98
2019-04-12,1201.86
2019-04-15,1189.85
2019-04-16,1212.09
2019-04-17,1231.51
2019-04-18,1212.98
2019-04-19,1211.22
2019-04-22,1198.89
2019-04-24,1200.16
2019-04-25,1177.36
2019-04-26,1181.5
2019-04-29,1178.13
2019-04-30,1190.12
2019-05-02,1173.85
2019-05-03,1172.85
2019-05-06,1161.79
2019-05-07,1140.95
2019-05-08,1124.82
2019-05-09,1103.08
2019-05-10,1100.69
2019-05-13,1073.72
2019-05-14,1099.47
2019-05-15,1092.3
2019-05-16,1089.69
2019-05-17,1084.98
2019-05-20,1085.87
2019-05-21,1066.01
2019-05-22,1045.03
2019-05-23,1057.52
2019-05-24,1075.51
2019-05-27,1067.26
2019-05-28,1082.12
2019-05-29,1088.01
2019-05-30,1124.05
2019-05-31,1133.4
2019-06-03,1129.87
2019-06-07,1176.52
2019-06-10,1178.88
2019-06-11,1161.51
2019-06-12,1158.83
2019-06-13,1131.36
2019-06-14,1135.09
2019-06-17,1154.61
2019-06-18,1178.81
2019-06-19,1179.72
2019-06-20,1178.31
2019-06-21,1177.67
2019-06-24,1193.19
2019-06-25,1194.69
2019-06-26,1185.82
2019-06-27,1195.21
2019-06-28,1209.24
2019-07-01,1253.67
2019-07-02,1257.05
2019-07-03,1247.57
2019-07-04,1250.16
2019-07-05,1253.86
2019-07-08,1240.12
2019-07-09,1217.27
2019-07-10,1240.08
2019-07-11,1250.98
2019-07-12,1222.39
2019-07-16,1234.89
2019-07-17,1258.39
2019-07-18,1282.37
2019-07-19,1286.18
2019-07-22,1274.44
2019-07-23,1295.3
2019-07-24,1307.45
2019-07-25,1285.57
2019-07-26,1296.73
2019-07-29,1304.06
2019-07-30,1292.17
2019-07-31,1283.66
2019-08-01,1280.5
2019-08-02,1250.05
2019-08-05,1236.63
2019-08-06,1249.5
2019-08-07,1229.14
2019-08-08,1240.15
2019-08-09,1242.37
2019-08-15,1205.7
2019-08-16,1192.6
2019-08-19,1185.32
2019-08-20,1192.85
2019-08-21,1188.46
2019-08-22,1186.74
2019-08-23,1210.01
2019-08-26,1209.07
2019-08-27,1194.62
2019-08-28,1191.06
2019-08-29,1198.72
2019-09-02,1221.36
2019-09-03,1226.9
2019-09-04,1241.21
2019-09-05,1244.15
2019-09-06,1226.44
2019-09-09,1249.64
2019-09-10,1258.65
2019-09-11,1268.52
2019-09-12,1277.19
2019-09-13,1283.23
2019-09-16,1274.38
2019-09-17,1259.19
2019-09-18,1263.93
2019-09-19,1241.55
2019-09-20,1240.71
2019-09-23,1237.8
2019-09-24,1261.82
2019-09-25,1272.49
2019-09-26,1262.99
2019-09-27,1308.31
2019-09-30,1305.59
2019-10-01,1287.61
2019-10-02,1281.98
2019-10-03,1270.85
2019-10-04,1279.31
2019-10-07,1272.77
2019-10-08,1263.44
2019-10-09,1236.24
2019-10-10,1226.28
2019-10-11,1229.25
2019-10-14,1166.48
2019-10-15,1181.49
2019-10-16,1166.21
2019-10-17,1176.4
2019-10-18,1220.4
2019-10-21,1204.5
2019-10-22,1211.59
2019-10-23,1235.32
2019-10-24,1241.9
2019-10-25,1239.52
2019-10-28,1232.81
2019-10-30,1217.25
2019-10-31,1213.67
2019-11-01,1212.65
2019-11-04,1234.32
2019-11-05,1241.02
2019-11-06,1248.51
2019-11-07,1281.24
2019-11-08,1276.13
2019-11-11,1273.92
2019-11-12,1286.87
2019-11-13,1295.92
2019-11-14,1280.44
2019-11-15,1300.29
2019-11-18,1318.48
2019-11-19,1327.42
2019-11-20,1317.52
2019-11-21,1317.12
2019-11-22,1313.47
2019-11-25,1297.27
2019-11-26,1304.59
2019-11-27,1302.62
2019-11-28,1317.67
2019-11-29,1313.03
2019-12-02,1323.61
2019-12-03,1306.59
2019-12-04,1317.11
2019-12-05,1327.67
2019-12-06,1328.35
2019-12-09,1324.9
2019-12-10,1316.9
2019-12-11,1313.81
2019-12-12,1341.82
2019-12-13,1348.23
2019-12-16,1355.07
2019-12-17,1353.12
2019-12-18,1346.28
2019-12-19,1344.29
2019-12-20,1351.6
2019-12-23,1360.95
2019-12-24,1372.51
2019-12-25,1373.03
2019-12-26,1377.06
2019-12-27,1377.4
2019-12-30,1391.3
2019-12-31,1388.3
